X,Y,coef
8.49458951885185,32307.424951650697,82.1903908407869
82.85585940928891,129045.37673821735,82.1903908407869
21.614260658934377,53522.795529659394,82.1903908407869
31.557423642727763,64239.77887783184,82.1903908407869
27.58080028904035,57184.062656697686,82.1903908407869
55.830053816195765,92637.46947319258,82.1903908407869
77.97191067159089,123544.747170319,82.1903908407869
55.72168929389966,92660.1854215538,82.1903908407869
40.96858297196189,72848.43774659833,82.1903908407869
63.09587054674388,103653.35776527453,82.1903908407869
44.42853022673075,80494.1291474641,82.1903908407869
40.07474636272965,74582.0258348966,82.1903908407869
66.76652203075051,107244.76701652342,82.1903908407869
33.446909445251706,63747.42665149033,82.1903908407869
74.82507435973095,118913.99892950876,82.1903908407869
57.862575420168184,96162.02919357168,82.1903908407869
66.96710955405855,108305.56420930062,82.1903908407869
76.33116870695204,117785.06308273808,82.1903908407869
54.18307646231126,92099.96003915716,82.1903908407869
25.91604736365902,55777.03302857188,82.1903908407869
46.241402476632906,78372.8820662203,82.1903908407869
38.88510054855151,73668.59281536096,82.1903908407869
59.400323550140804,97004.03296822183,82.1903908407869
43.68789273386862,78847.87087111465,82.1903908407869
71.71063054078756,109864.62491862582,82.1903908407869
70.20210436841839,112699.18053663305,82.1903908407869
43.80892526702274,74808.26545978067,82.1903908407869
41.651128375934064,75179.71588670157,82.1903908407869
51.742086825066735,84764.26926839557,82.1903908407869
55.29879980892238,92950.411285902,82.1903908407869
35.36336390382671,66405.30163016319,82.1903908407869
68.599480742939,111251.6771871813,82.1903908407869
38.41791777291538,72359.8105846019,82.1903908407869
51.516517959468324,92190.1122012521,82.1903908407869
57.27740708025044,95819.11186051491,82.1903908407869
58.857447831641615,93313.25501071032,82.1903908407869
49.97979765886652,84579.8139017717,82.1903908407869
39.912137229656416,76137.14214841527,82.1903908407869
68.3318082828029,111001.53540462417,82.1903908407869
44.4717281495333,79588.70625484774,82.1903908407869
36.40262991801942,70150.59916902307,82.1903908407869
51.60726734193926,84905.55682890853,82.1903908407869
43.740031030217544,77459.85246969321,82.1903908407869
19.11745067656644,48918.90488358357,82.1903908407869
86.88486307065466,132516.8779679425,82.1903908407869
46.1818738080477,81801.63046148737,82.1903908407869
30.34349000862737,58086.68558801304,82.1903908407869
77.7797476356252,124302.82239316295,82.1903908407869
44.92849595687619,83922.76927853606,82.1903908407869
50.56678280427266,85635.10889498943,82.1903908407869
72.81927464540708,118753.73547506526,82.1903908407869
83.23167811258891,131705.02027980878,82.1903908407869
32.554667455207685,64839.35229103363,82.1903908407869
39.208125024982564,69098.80695964319,82.1903908407869
48.7330010722851,81023.69804539662,82.1903908407869
28.858558275920736,58699.76963868187,82.1903908407869
81.25204677390042,127747.4932703042,82.1903908407869
60.06678256830731,100251.61583145824,82.1903908407869
60.76351117495024,99062.91526167713,82.1903908407869
32.83681337824161,68574.62960042403,82.1903908407869
65.7892901028655,104007.3100831483,82.1903908407869
50.44646339069163,85255.08161972807,82.1903908407869
64.64072701195357,106995.73112827326,82.1903908407869
67.01416343726503,102163.16744944394,82.1903908407869
81.05581492147873,123841.55102754534,82.1903908407869
76.79738467202756,114800.64607873041,82.1903908407869
59.189345643793295,96081.44183502303,82.1903908407869
26.591111400377685,60273.25517647087,82.1903908407869
32.70476274690217,58929.335251655146,82.1903908407869
51.79331986909938,85744.93772751452,82.1903908407869
16.814371504393222,45618.40427600818,82.1903908407869
53.58711811935723,95127.3595046706,82.1903908407869
40.674079901380004,74577.98227965296,82.1903908407869
64.42024609662819,102140.19004841805,82.1903908407869
57.300590980834045,95297.760149106,82.1903908407869
68.83528951550309,110530.2798769442,82.1903908407869
53.97804296993249,93326.66415953125,82.1903908407869
34.682638670378374,68617.01815818687,82.1903908407869
52.65083179142976,91493.61086576984,82.1903908407869
49.245717105349634,81426.39233792006,82.1903908407869
81.98238356201995,124380.79223257245,82.1903908407869
39.353226485507236,72212.349784959,82.1903908407869
50.718227697637275,84216.26111391955,82.1903908407869
68.7176821654093,108395.62804654757,82.1903908407869
69.98820649077867,111308.44587393875,82.1903908407869
23.932966854419334,53554.598928281324,82.1903908407869
39.35182821713172,70478.70679589389,82.1903908407869
39.88400710158404,70857.32033264561,82.1903908407869
68.60540478206184,105077.91185184305,82.1903908407869
68.3550250291787,110817.24781533117,82.1903908407869
33.47235302356535,67942.72785561631,82.1903908407869
51.50307428239408,88763.93619072808,82.1903908407869
53.818003883649986,91072.91593890727,82.1903908407869
59.84800656712029,97015.99527051898,82.1903908407869
50.62162958369038,88428.52992551777,82.1903908407869
56.05751544896999,92853.49035314453,82.1903908407869
60.190154877485305,101714.08823951766,82.1903908407869
37.161716957086625,69000.20228072078,82.1903908407869
34.85723623223729,69093.71269476696,82.1903908407869
78.10518781915299,120745.85278539619,82.1903908407869
47.46786363306122,81812.43819491685,82.1903908407869
36.00376735165608,72211.43169339145,82.1903908407869
63.40841706680438,102928.97501873353,82.1903908407869
25.415900638652655,61550.066195093,82.1903908407869
41.1367283321967,77196.33132495801,82.1903908407869
84.90733453898939,132581.190065392,82.1903908407869
60.03250558563947,99110.45122185451,82.1903908407869
59.47049586576629,102148.16580501999,82.1903908407869
75.49173002540077,119893.80432630485,82.1903908407869
37.635312357505285,67343.89249668524,82.1903908407869
43.874381538609626,80454.39920985537,82.1903908407869
46.27664698419415,84133.46180351549,82.1903908407869
78.12420028366135,123472.0295283906,82.1903908407869
46.22173344613263,85159.17549961864,82.1903908407869
51.27038868668196,86512.41053273325,82.1903908407869
46.47630781058019,81858.54189126777,82.1903908407869
47.145456435202405,83835.5722263288,82.1903908407869
46.1881036292285,79820.72298156009,82.1903908407869
46.110792545489595,85526.13793323512,82.1903908407869
77.51990321747819,119195.44602515745,82.1903908407869
52.907574403876765,88003.92438977155,82.1903908407869
55.027019960777864,90731.09692301677,82.1903908407869
40.5493747230551,75397.99231316848,82.1903908407869
66.01450737666632,107615.33269332268,82.1903908407869
56.640462543674396,93454.02277962369,82.1903908407869
41.23219752731098,76564.57769555092,82.1903908407869
30.585799955125026,61002.25446559191,82.1903908407869
23.07937794848883,51467.28318116198,82.1903908407869
52.820225712475796,87513.429305425,82.1903908407869
54.65603562747593,93179.48605178346,82.1903908407869
53.43741926731892,88099.1526271986,82.1903908407869
65.67578053717646,102244.8353206068,82.1903908407869
76.60820409826617,120167.99482967007,82.1903908407869
59.2925798899226,98515.00360976071,82.1903908407869
28.786362733814325,60287.10575213032,82.1903908407869
28.331690303409445,58848.48681843867,82.1903908407869
50.91313374960527,88553.35452265682,82.1903908407869
33.868093473804954,67689.30646168164,82.1903908407869
68.82078698802191,112933.12744213239,82.1903908407869
72.09620290333973,113042.95675538824,82.1903908407869
60.49970870194833,101745.07567074304,82.1903908407869
38.63581732751831,70271.77236286248,82.1903908407869
49.450134493034774,89263.32749419042,82.1903908407869
60.03851271168366,100180.60499315563,82.1903908407869
61.207185026653164,99738.98907559813,82.1903908407869
76.08532347513784,117662.78915082442,82.1903908407869
81.43521251040134,123220.82719324675,82.1903908407869
32.2628583322072,65235.86795337608,82.1903908407869
32.0636818797971,65419.691443765056,82.1903908407869
53.615730927272885,85573.66596822791,82.1903908407869
36.20183380935097,69414.16084239146,82.1903908407869
78.53712127341322,122724.0212594843,82.1903908407869
38.23452271610143,73928.09833941003,82.1903908407869
22.73466314323506,50303.71659579434,82.1903908407869
73.56842590927187,115078.80370040957,82.1903908407869
42.12361154940406,73205.91212684088,82.1903908407869
74.26099823856894,116413.06112167198,82.1903908407869
91.38667950984407,133177.92453689297,82.1903908407869
68.78643152486458,107460.52600957833,82.1903908407869
50.774118682959866,87339.03891552007,82.1903908407869
45.525225070620564,80095.87960925853,82.1903908407869
66.29232046381941,103696.8048004334,82.1903908407869
17.94725119192516,47777.69460529713,82.1903908407869
37.79888984086603,69492.559745084,82.1903908407869
59.29120408559725,99702.67242449861,82.1903908407869
40.33147045878745,71230.32774144577,82.1903908407869
12.49761446667493,35804.72217826161,82.1903908407869
53.10739383690035,88064.54501569388,82.1903908407869
45.73577671373752,82437.95013028705,82.1903908407869
57.239101004154016,94261.06160299896,82.1903908407869
60.57320314959738,100784.50487237504,82.1903908407869
34.19036075171044,65673.73909173798,82.1903908407869
52.77104780220585,88857.22642035951,82.1903908407869
50.17923609270026,92152.43983377071,82.1903908407869
55.85567958566708,88149.20062378561,82.1903908407869
84.32362978891466,130521.32462403498,82.1903908407869
78.65195686544511,120362.02117666918,82.1903908407869
68.73867540294859,109804.29332582263,82.1903908407869
79.04847296055976,119212.35046032729,82.1903908407869
44.519150206017066,80443.26092003674,82.1903908407869
6.665591919077967,29888.481218980545,82.1903908407869
44.37362819153195,77613.47731477552,82.1903908407869
36.18168842984982,68247.56515427248,82.1903908407869
48.31291272142776,83400.8339252675,82.1903908407869
82.42213834382754,127133.1429695338,82.1903908407869
59.24049734870836,97922.28582755533,82.1903908407869
50.57723196365526,84499.18630472898,82.1903908407869
52.61858439854799,82747.45600464962,82.1903908407869
51.48005303636535,87553.71943949642,82.1903908407869
47.443055048128215,85003.0138155939,82.1903908407869
44.18425192372159,79322.03881787843,82.1903908407869
36.63819276273686,75456.55481056201,82.1903908407869
31.348676893758267,61833.007781734326,82.1903908407869
32.53446544437528,65964.80477510733,82.1903908407869
30.021545955313123,58998.191285556946,82.1903908407869
62.435030502551975,102782.66176330534,82.1903908407869
53.322521968488,91365.9533219261,82.1903908407869
75.31703265310928,115871.9793169055,82.1903908407869
43.070052010536095,78942.60963407993,82.1903908407869
62.893192499676296,107507.83062807225,82.1903908407869
32.830029369415236,62243.95194565204,82.1903908407869
86.072173390179,131724.590968222,82.1903908407869
100.0,150000.0,82.1903908407869
74.62110805832229,115956.35030330747,82.1903908407869
47.096164142598255,80527.21690995753,82.1903908407869
24.67049623637578,54478.68220521602,82.1903908407869
81.03135334160415,122808.10342915321,82.1903908407869
61.0136098253723,99138.99095150991,82.1903908407869
24.617818642413095,57057.79337564276,82.1903908407869
65.34032530363521,107127.61037367646,82.1903908407869
59.8122966298844,99902.2036890243,82.1903908407869
45.34536050976949,82013.35646656828,82.1903908407869
65.9261452714721,104175.20554193435,82.1903908407869
53.368514535072954,89680.42939422186,82.1903908407869
54.09243554627712,86686.88738477288,82.1903908407869
71.83814580647609,114895.69210899448,82.1903908407869
46.38208862943,83760.32265396192,82.1903908407869
66.00547911995928,101906.98003197064,82.1903908407869
74.82846261939301,116450.01300306962,82.1903908407869
39.641528871908314,71230.37110266094,82.1903908407869
61.997696224201,102331.9505117871,82.1903908407869
63.72858181421704,104507.58106824057,82.1903908407869
50.6920184526347,91246.10604207788,82.1903908407869
50.434586740481635,84870.94806929119,82.1903908407869
53.03510074207211,93047.2587552834,82.1903908407869
47.24908563587886,86648.94691640606,82.1903908407869
64.92541103157157,109764.28920833804,82.1903908407869
51.70180992328814,92448.05572860714,82.1903908407869
68.82378988910732,112206.59888056306,82.1903908407869
72.35084678610094,110759.84442003716,82.1903908407869
46.44217622340821,78245.63226162891,82.1903908407869
36.203173317033084,71643.73822965645,82.1903908407869
67.40885226052465,103831.12458683133,82.1903908407869
41.322235460099115,74355.02959556808,82.1903908407869
64.38175841555466,108274.77333892362,82.1903908407869
44.653170810906644,77660.29714192235,82.1903908407869
48.78093690234893,84920.40335559961,82.1903908407869
29.047676534508966,59654.674773281906,82.1903908407869
44.92411636946855,79826.104410562,82.1903908407869
29.48729865407362,57583.341775486966,82.1903908407869
55.441365713946375,90424.9961482626,82.1903908407869
51.85386155329369,89668.33166941945,82.1903908407869
42.1984288877439,74181.83532904586,82.1903908407869
45.47137640197965,79184.76370196597,82.1903908407869
81.4411555629315,122242.97553636575,82.1903908407869
56.1471730577048,96738.04252709817,82.1903908407869
53.154952420092634,89800.68262045816,82.1903908407869
57.45008374975998,93748.6174225124,82.1903908407869
58.15483996605218,96563.95365490262,82.1903908407869
36.7465593359893,68248.43915481796,82.1903908407869
71.42242185672771,109954.76330298178,82.1903908407869
48.936106918294556,85417.8674828319,82.1903908407869
75.0773369518727,118802.46916941658,82.1903908407869
50.46790592662502,89559.5398620352,82.1903908407869
58.547252319335065,96058.78124978233,82.1903908407869
49.799911698120134,91034.02371052417,82.1903908407869
62.58554095689807,95933.23034358291,82.1903908407869
71.35459834804553,110267.95113945109,82.1903908407869
59.38580996211168,93212.84197211218,82.1903908407869
53.01825138115741,93419.02399195652,82.1903908407869
48.9750600439932,81277.48633217771,82.1903908407869
21.564278325564246,52758.74885733353,82.1903908407869
56.926372189357615,94695.22727900595,82.1903908407869
66.25514111428555,103202.93261546259,82.1903908407869
72.93384174836021,114569.32358523272,82.1903908407869
55.87996499882515,94757.14995037072,82.1903908407869
36.98564422715619,67582.55168217639,82.1903908407869
38.04092170337021,70055.0741931109,82.1903908407869
38.78231752479347,69486.40665746517,82.1903908407869
40.32766240227305,72821.07612826879,82.1903908407869
60.976331886424205,100097.3197243183,82.1903908407869
59.65830623170846,98222.74100217748,82.1903908407869
68.14784619414728,104361.61326824297,82.1903908407869
40.6878460447816,80381.315658596,82.1903908407869
22.457794647024397,52866.32575566562,82.1903908407869
73.33200736065065,116562.01157231067,82.1903908407869
38.63119624549552,69026.3272492167,82.1903908407869
11.653713943219824,36124.28763316409,82.1903908407869
29.760532772778703,63550.49507808441,82.1903908407869
41.51748749772366,74539.32775092544,82.1903908407869
73.88620777268842,118205.92208193374,82.1903908407869
44.824869218294594,81263.80677190152,82.1903908407869
37.674125505745714,69805.8848396035,82.1903908407869
50.48723642794099,88033.90539920505,82.1903908407869
61.483435383741714,102341.08065053033,82.1903908407869
70.807501292559,106194.89618003352,82.1903908407869
60.757200822694955,105107.20669560399,82.1903908407869
35.85447760960608,72614.13095596487,82.1903908407869
82.31617860778947,126486.87704129814,82.1903908407869
31.99180747296521,64026.03645407811,82.1903908407869
40.59243855601981,73541.12174434667,82.1903908407869
43.555676683691445,79839.07840419441,82.1903908407869
17.49132559324476,43392.27358686857,82.1903908407869
37.18823174468672,68425.36202311427,82.1903908407869
75.31833737626069,123199.99268269821,82.1903908407869
43.4924561006514,76091.69216795897,82.1903908407869
72.12550585142107,111337.40367803852,82.1903908407869
41.162348352156826,78133.83396322248,82.1903908407869
27.21073508353356,55301.84832641226,82.1903908407869
93.51975785337284,139235.91689641328,82.1903908407869
40.790939973997,74798.1269150521,82.1903908407869
84.63874937277527,128832.90702103256,82.1903908407869
48.80550630095413,76673.50748277555,82.1903908407869
85.59274220370678,130458.1036768007,82.1903908407869
31.341348192564606,61589.62444388636,82.1903908407869
63.94845074226366,102541.90325201864,82.1903908407869
43.72795200894706,75170.25905557713,82.1903908407869
60.115535067920085,96246.46315199292,82.1903908407869
48.63779063305085,83386.27412639333,82.1903908407869
50.21255641615791,91369.0434266774,82.1903908407869
55.54968457061377,95229.34865759226,82.1903908407869
61.828543249994524,100596.73323363617,82.1903908407869
24.389719308469143,50078.947898055354,82.1903908407869
41.126360194504954,74629.6350676831,82.1903908407869
50.47007217229638,86599.80166001832,82.1903908407869
67.6310947433773,107819.52418712502,82.1903908407869
27.55333493734014,56775.15183827953,82.1903908407869
85.9489417677677,137431.4506522268,82.1903908407869
36.14942936618073,70048.8796429332,82.1903908407869
56.81923559277272,93540.50529148677,82.1903908407869
43.4857320318306,73994.9624609446,82.1903908407869
68.62865993314671,107426.68297017661,82.1903908407869
54.1476911998895,89248.80374200181,82.1903908407869
67.89596561273912,109606.54245050518,82.1903908407869
25.76374440610786,56656.48521330345,82.1903908407869
70.19343437708817,111578.59768653903,82.1903908407869
55.79016321561643,93435.04634183574,82.1903908407869
43.61226229400232,75851.16412592585,82.1903908407869
40.886803130381885,72526.63305762524,82.1903908407869
36.742132625478604,65510.37392885945,82.1903908407869
29.803396607385995,64234.45766866181,82.1903908407869
35.60957449859661,63264.135854015054,82.1903908407869
54.69170557333712,90396.99945758464,82.1903908407869
48.8092481924739,82355.81888586233,82.1903908407869
72.31893797040539,115529.28604080228,82.1903908407869
38.38860839114013,70517.17320201619,82.1903908407869
43.29413583004523,77272.68049258966,82.1903908407869
57.41191273995127,92804.39958888976,82.1903908407869
23.510899488967837,54467.79986164221,82.1903908407869
4.711917744499195,29747.751928217127,82.1903908407869
63.15567151212664,102961.98370985403,82.1903908407869
47.11493834915291,87218.4222506187,82.1903908407869
46.17333236293206,82112.2092317421,82.1903908407869
50.12822792281343,84410.91366464557,82.1903908407869
37.045511531749035,75252.8142532349,82.1903908407869
64.51683265534591,109470.74435267862,82.1903908407869
66.5001135995792,103621.4837969095,82.1903908407869
37.3430952684279,70220.13841127904,82.1903908407869
69.64537612475814,110412.96838012566,82.1903908407869
49.51507415876439,88987.16568487178,82.1903908407869
69.32877975091498,112980.20359989512,82.1903908407869
55.34092780231888,93656.7407396356,82.1903908407869
64.12974359073712,96956.55271962484,82.1903908407869
67.34413825463123,110488.8588316993,82.1903908407869
45.4776015913789,79181.51569842061,82.1903908407869
61.04894629916385,101274.56928240885,82.1903908407869
28.732410884119847,59587.93725085076,82.1903908407869
37.012191984452585,73923.51146061663,82.1903908407869
45.806098471117096,80457.59087920297,82.1903908407869
49.89250586673141,86667.96240564948,82.1903908407869
7.9811655840043,29385.595097787984,82.1903908407869
53.99304333052423,94095.17535534946,82.1903908407869
65.69712626930111,109944.90768532219,82.1903908407869
58.10191566883415,95750.27314625587,82.1903908407869
66.19268581984022,106372.01479881337,82.1903908407869
54.45339634964948,90078.6725687412,82.1903908407869
59.63645152202611,96530.60422645685,82.1903908407869
56.617545453624665,96099.15819081786,82.1903908407869
63.551092646572975,102270.54643547298,82.1903908407869
52.99708637687867,88317.5755984285,82.1903908407869
33.5327341014546,57598.763236433486,82.1903908407869
32.185249878333806,62121.28436223913,82.1903908407869
77.73186105905133,122503.88074832466,82.1903908407869
86.1606569771086,128629.63253384728,82.1903908407869
47.998741743321375,85072.46710038767,82.1903908407869
45.829887755600126,84232.84229293394,82.1903908407869
56.680519312428515,93923.27533954992,82.1903908407869
69.15902092477984,112900.15846429714,82.1903908407869
32.593114942486054,64497.670165471776,82.1903908407869
49.838421219274274,87950.60025091829,82.1903908407869
45.668665524782654,75950.35694709384,82.1903908407869
43.41578256340469,73059.9578548042,82.1903908407869
44.36321090370703,76145.40603171849,82.1903908407869
46.4851133154209,84240.5012423833,82.1903908407869
37.586749668039495,71934.93561746826,82.1903908407869
60.237337346636934,101950.1584407467,82.1903908407869
51.743563018281705,88640.25946321624,82.1903908407869
38.69987708071063,71913.1843844503,82.1903908407869
39.342507334578606,75129.22387550618,82.1903908407869
58.164169772871716,101233.07155052289,82.1903908407869
78.62209396032222,120619.81106496557,82.1903908407869
77.18876677380374,117157.3958499859,82.1903908407869
47.21695429458647,83317.11190887933,82.1903908407869
37.27025955964146,73890.32345114907,82.1903908407869
49.37075399283789,80199.0889275757,82.1903908407869
32.70231175255345,61899.56423781548,82.1903908407869
78.20555611128853,126324.5076705017,82.1903908407869
31.652226004228062,57808.22706711365,82.1903908407869
41.100464857268385,80592.47125330908,82.1903908407869
85.70625575835732,128745.23166274728,82.1903908407869
82.37057205818343,120486.575522947,82.1903908407869
71.98732671735581,113250.96589993562,82.1903908407869
35.451584902041,68136.14818786897,82.1903908407869
66.65486916429741,108851.80992792068,82.1903908407869
48.88201178776708,86061.28432693655,82.1903908407869
58.52939862645843,96205.78271926836,82.1903908407869
92.15505021113302,138374.37390197217,82.1903908407869
62.63067819161062,107342.75111248842,82.1903908407869
42.457589448175824,78916.41008245928,82.1903908407869
13.892675058786796,39836.40135617989,82.1903908407869
55.62799539583868,94852.73144777844,82.1903908407869
59.00231967570926,92846.40031968994,82.1903908407869
42.28680949758776,77996.63153917415,82.1903908407869
39.73095833181254,71356.91547605467,82.1903908407869
59.581689196334146,100728.57802587324,82.1903908407869
79.20743579843278,120531.2016445279,82.1903908407869
46.372405351958584,81712.72928477547,82.1903908407869
41.25601958437924,77665.14218340977,82.1903908407869
48.73675784482672,85987.48765308085,82.1903908407869
50.56850713586539,81815.5221451959,82.1903908407869
41.13715813552533,73525.69285772234,82.1903908407869
17.204715473103334,52292.732162594,82.1903908407869
67.22891909024415,102928.46545540045,82.1903908407869
89.19641889098283,137403.3050908461,82.1903908407869
31.36177952389837,62508.663452399895,82.1903908407869
47.70839864628412,80878.3209794109,82.1903908407869
56.709876529908406,97184.93628450658,82.1903908407869
33.248586300585536,68940.16368069983,82.1903908407869
47.923634205055905,84317.38973679292,82.1903908407869
56.596793575826865,94150.0804945432,82.1903908407869
38.664143956851944,71208.85251019645,82.1903908407869
45.84443150720486,82334.35493735978,82.1903908407869
25.929661789229034,55968.39312121847,82.1903908407869
35.49449603106284,62542.27896732747,82.1903908407869
65.86227916092889,103129.10523000949,82.1903908407869
37.47044340313057,67194.17624583669,82.1903908407869
54.95112621159261,95891.22734059893,82.1903908407869
59.06255389463403,99890.99837955208,82.1903908407869
44.39375901751956,74070.4682364449,82.1903908407869
85.3709339625035,133480.36866468674,82.1903908407869
66.59877894526093,107408.00802959927,82.1903908407869
56.35608890279234,95394.94707661662,82.1903908407869
64.94725258754649,101977.90433596681,82.1903908407869
29.522555177264756,62021.568463339056,82.1903908407869
62.95733428880444,103392.2013928645,82.1903908407869
23.864330030645803,52795.64534427093,82.1903908407869
51.56449406198096,90408.05251211504,82.1903908407869
59.00087625125079,99739.86315464065,82.1903908407869
43.97250842567994,81108.748543297,82.1903908407869
97.15906333173626,145798.09319892176,82.1903908407869
38.558182297006496,71341.96736388563,82.1903908407869
93.47842765957347,141065.14277966603,82.1903908407869
59.449629209398644,96921.91886303663,82.1903908407869
52.668037535367574,87297.07299351852,82.1903908407869
67.5562320809999,110191.05189334592,82.1903908407869
71.87632922384489,115694.0482891516,82.1903908407869
30.713552116400166,62354.485061028085,82.1903908407869
41.54373821133342,79194.08459463263,82.1903908407869
48.3717545575245,85095.43768486974,82.1903908407869
47.340505422226364,81490.21837217553,82.1903908407869
41.041521315671865,77379.98787764063,82.1903908407869
57.680062161133414,97152.56746225264,82.1903908407869
57.19852656844341,94753.61778335704,82.1903908407869
33.20698886499926,60476.66099047506,82.1903908407869
78.21254037554927,120024.43861836754,82.1903908407869
62.04342700902059,100550.3774562053,82.1903908407869
70.63295280589962,117336.15054959865,82.1903908407869
74.89433564402533,114502.2816713727,82.1903908407869
44.484504258797806,78696.23735522637,82.1903908407869
52.8327627870843,89258.14246313232,82.1903908407869
56.0068322136414,90655.68013419685,82.1903908407869
47.18591237328741,88054.35067224548,82.1903908407869
49.99680404124241,85990.34679393414,82.1903908407869
61.58279942856491,103298.9310245349,82.1903908407869
40.697683804297256,75558.07007890104,82.1903908407869
11.746954659658146,40441.11546924009,82.1903908407869
38.80848165954395,72124.22265298522,82.1903908407869
53.501657352976395,90897.64895808042,82.1903908407869
46.08457317147989,83011.75047684241,82.1903908407869
71.04197156867569,113472.9240471505,82.1903908407869
60.97469552501292,100740.18416113972,82.1903908407869
46.09252360919752,79600.2113351693,82.1903908407869
63.23961181392273,110282.61796476576,82.1903908407869
23.390120667356012,52414.43037565529,82.1903908407869
57.607136058831586,96672.28556280542,82.1903908407869
67.32822838736396,105089.13394010153,82.1903908407869
57.36670013080381,101264.47772162061,82.1903908407869
45.93913242868859,79077.3684660277,82.1903908407869
57.21720397094334,92439.19808323169,82.1903908407869
59.542548394946834,95326.15204139712,82.1903908407869
87.16225658108502,126434.19288978999,82.1903908407869
37.12391097423946,70002.28186633778,82.1903908407869
45.88956069536316,75556.58754789755,82.1903908407869
43.18338142815829,77590.71081469589,82.1903908407869
42.38588625757276,73687.40366064104,82.1903908407869
62.913852919201624,102853.71366483658,82.1903908407869
61.427694328163305,104666.83738711967,82.1903908407869
66.6218239051629,109566.26935919195,82.1903908407869
32.349498741465716,66822.05822582482,82.1903908407869
57.78098973098489,96912.58873624833,82.1903908407869
54.91511883067007,98129.27141540164,82.1903908407869
58.593160287469544,96615.42716309468,82.1903908407869
43.24991270778023,75984.73831700945,82.1903908407869
0.0,20000.0,82.1903908407869
55.90292438857497,91011.65691441737,82.1903908407869
53.36473047626444,93817.46453517901,82.1903908407869
50.989806589315045,91755.08486262504,82.1903908407869
40.283146928699885,78469.24372348588,82.1903908407869
42.92195700984016,79833.81767012094,82.1903908407869
38.82279052464683,74069.2340855427,82.1903908407869
42.30619556683044,77485.95761547064,82.1903908407869
64.35212122533662,102039.91099770785,82.1903908407869
25.86120801976047,56753.694762012776,82.1903908407869
52.64823587028503,89209.25370863976,82.1903908407869
26.008093097533543,57379.17241797362,82.1903908407869
67.35992571078984,104550.52899053035,82.1903908407869
71.25818782359893,111128.12877813383,82.1903908407869
13.048372297379816,38032.50497945747,82.1903908407869
14.171736492727423,41151.285850750035,82.1903908407869
68.48074102633805,112079.88069407568,82.1903908407869
55.526142689457615,93647.98173154006,82.1903908407869
61.059933646130844,103497.91587390822,82.1903908407869
20.952597148821766,48452.442022182186,82.1903908407869
36.44797553532157,74000.62172205921,82.1903908407869
45.711048035503744,78768.1099352355,82.1903908407869
36.65728974664175,74326.17968444202,82.1903908407869
90.81197225850468,141907.89423092778,82.1903908407869
71.05915225445402,111556.87220091901,82.1903908407869
8.38788290505448,33760.75011027238,82.1903908407869
45.54927142675267,80362.63407089032,82.1903908407869
58.748176381438334,99390.72348923387,82.1903908407869
71.91005832600148,113554.77653318297,82.1903908407869
33.03991608560428,59251.63846309332,82.1903908407869
64.43705759044823,98668.75400026773,82.1903908407869
57.06993315306951,91115.17161063294,82.1903908407869
68.07663353165073,110414.79420877714,82.1903908407869
52.56113450327237,90609.43757397452,82.1903908407869
53.25816118083481,87431.81682535772,82.1903908407869
70.07036299202508,114472.69245887466,82.1903908407869
30.436353546044753,61043.03014653622,82.1903908407869
52.06650423235038,88700.71367536484,82.1903908407869
25.20377433452656,53297.01006030498,82.1903908407869
58.66244989380935,92715.11732265427,82.1903908407869
27.418445995725566,60330.62812741123,82.1903908407869
45.510491677328815,80191.2543997851,82.1903908407869
52.68066494041425,91779.89122603445,82.1903908407869
51.181448787240846,87567.16113042635,82.1903908407869
91.34214494420546,135661.95325185842,82.1903908407869
43.3130297119517,79930.20297397926,82.1903908407869
48.30116457514846,84883.97698455068,82.1903908407869
44.534046729984645,78125.44807165666,82.1903908407869
61.44533729095661,100825.42866618643,82.1903908407869
55.16580144603554,96124.22021671983,82.1903908407869
30.100023836396502,65201.93500596759,82.1903908407869
41.585394165835034,71224.23221643982,82.1903908407869
31.490915853271098,62588.85758946036,82.1903908407869
54.15328592124893,90615.55184075182,82.1903908407869
45.626941279508465,79889.01345485245,82.1903908407869
53.484964660868584,87790.87189510913,82.1903908407869
65.9909014632955,107374.661700668,82.1903908407869
74.88713285301452,113182.43861322085,82.1903908407869
46.86029530747397,81710.91900824368,82.1903908407869
52.86545135593236,86059.62796036576,82.1903908407869
36.31493391852096,68816.55015650482,82.1903908407869
48.346649944663774,88263.50898750492,82.1903908407869
76.1537940867249,123518.99541844853,82.1903908407869
82.69969378901025,123742.59775549787,82.1903908407869
26.51184466565932,56237.55500204213,82.1903908407869
22.22466416907204,51675.104280346015,82.1903908407869
28.063688839374752,57166.924970690525,82.1903908407869
27.94044711836798,56376.92405796532,82.1903908407869
55.24196425246951,93142.91070254776,82.1903908407869
78.9341409778785,123079.1624400653,82.1903908407869
38.4634825095253,68353.24924466807,82.1903908407869
60.34897538744939,99202.09892114924,82.1903908407869
45.73123486429157,76536.77071690395,82.1903908407869
35.85457388949975,72002.68229846137,82.1903908407869
48.68836307018423,85623.55689097945,82.1903908407869
32.07756441312667,65756.06108178076,82.1903908407869
18.350648912395755,48888.314035277304,82.1903908407869
37.177813934406096,72824.20707365913,82.1903908407869
56.51478108061621,94609.86119637829,82.1903908407869
35.127240474436576,64371.94711341147,82.1903908407869
49.86283282369647,85909.00656781247,82.1903908407869
66.61872727125214,109176.33070744884,82.1903908407869
63.496266361682736,101757.43178304724,82.1903908407869
31.618304016263156,62798.22650441624,82.1903908407869
59.39425554835004,98960.3006053186,82.1903908407869
60.216282106614855,100067.736967179,82.1903908407869
46.00804031742281,78872.78714363322,82.1903908407869
43.68015011674812,79058.18071389075,82.1903908407869
36.403458971972434,67286.34738660906,82.1903908407869
92.89108235859115,143184.3981315532,82.1903908407869
76.77747867749918,118366.59272188065,82.1903908407869
98.9125642688676,148352.3938403796,82.1903908407869
49.1859523193714,85921.21346041776,82.1903908407869
58.608397643591424,94035.37598124692,82.1903908407869
49.39376224615534,81858.05434263674,82.1903908407869
52.17679091187079,90093.46286450999,82.1903908407869
39.4156044465564,70777.88278969479,82.1903908407869
51.86545220358731,85097.03294475391,82.1903908407869
72.05297970581843,111604.31924812862,82.1903908407869
68.5211038439057,109872.41707278298,82.1903908407869
54.56582672449294,92155.33840231464,82.1903908407869
40.96845265086591,76037.01256146972,82.1903908407869
76.98093120272651,120163.57310114946,82.1903908407869
65.57888176407369,101366.58583674427,82.1903908407869
57.89271069562685,97480.12312931185,82.1903908407869
49.33079277142107,85778.82578239424,82.1903908407869
48.435589361768756,86792.99121187194,82.1903908407869
29.254750312017496,59784.92482652358,82.1903908407869
23.600717950929653,53678.62510434272,82.1903908407869
31.990331330570275,62428.44271448489,82.1903908407869
75.89515091301507,121833.68003843805,82.1903908407869
57.14088856754627,97614.06591089633,82.1903908407869
71.09672536673948,110246.5116158633,82.1903908407869
58.30760912466228,95363.03678417702,82.1903908407869
63.01044529092767,102642.35203902023,82.1903908407869
68.49630187237258,107826.34198766266,82.1903908407869
75.2934025741682,121746.58190234982,82.1903908407869
27.703937443922005,58048.45537867129,82.1903908407869
32.40020338165749,63871.220132979855,82.1903908407869
29.362619359208583,63205.98604084306,82.1903908407869
69.89900555972218,109047.36325007229,82.1903908407869
52.214043709888244,88952.03604527765,82.1903908407869
41.28508970929673,76988.16215989616,82.1903908407869
60.604449481757285,98884.84255618039,82.1903908407869
59.36269658434384,98672.8122754043,82.1903908407869
69.2926252718162,107594.5975838045,82.1903908407869
87.28254611289184,133320.53267758904,82.1903908407869
51.128916288360934,87756.35207661137,82.1903908407869
40.244868244051496,72082.02652005845,82.1903908407869
59.416220531913254,97947.79292882294,82.1903908407869
74.82542788111562,118116.30510656972,82.1903908407869
59.14089420670613,96328.67820719855,82.1903908407869
39.595021417874165,73062.4264755114,82.1903908407869
44.435875837812155,76075.67681596425,82.1903908407869
73.52664665552483,120547.1866235663,82.1903908407869
61.75856303507479,96773.40798680857,82.1903908407869
65.02859026383639,103924.32300636741,82.1903908407869
69.22194662853953,108831.49850896116,82.1903908407869
60.68456696175845,94982.82221382624,82.1903908407869
42.95242731752318,75493.65286966282,82.1903908407869
57.92932094589685,92263.4358884206,82.1903908407869
55.29364636599556,92267.27103498876,82.1903908407869
45.84039419581587,81871.53447981659,82.1903908407869
38.608044460326646,72253.6867940896,82.1903908407869
68.67732197019014,110856.05445340698,82.1903908407869
47.103460257014675,84581.08003552089,82.1903908407869
32.15891332442241,66921.77238336611,82.1903908407869
58.771732304402825,94090.46381445872,82.1903908407869
51.29450329462074,91923.37203842225,82.1903908407869
52.83774431482016,89111.43736795317,82.1903908407869
51.18380869547279,82642.85851542951,82.1903908407869
51.3111426315658,86873.42963962551,82.1903908407869
34.02620026474627,64553.25158939837,82.1903908407869
65.75747493951442,106213.37223711635,82.1903908407869
58.98383695635924,95607.42364529673,82.1903908407869
47.96311234827703,86349.79172665782,82.1903908407869
21.782457978985803,48107.30398662754,82.1903908407869
69.13427733739003,113621.82511091782,82.1903908407869
58.953917242390986,101621.8300840035,82.1903908407869
34.95659368370997,67033.48731564674,82.1903908407869
60.264115941488285,93328.40556330935,82.1903908407869
48.90604210133286,84668.73716820564,82.1903908407869
45.4068416687227,78169.43990571343,82.1903908407869
51.682715365471694,86920.96836450318,82.1903908407869
24.35139434414674,44679.54807451391,82.1903908407869
34.30393969479422,67432.23425370292,82.1903908407869
21.84956507054959,50943.720362165244,82.1903908407869
35.63630742378627,69353.04991994285,82.1903908407869
62.24157217133543,101477.1713425531,82.1903908407869
24.169808007262823,53300.331664818004,82.1903908407869
53.55965945694983,84730.06882877454,82.1903908407869
58.8441998137934,98530.0910527929,82.1903908407869
61.49401782274327,101535.25067413865,82.1903908407869
66.60005290891728,113096.7272134329,82.1903908407869
67.35331304206281,106739.31388496833,82.1903908407869
24.874444142427873,56768.05151726103,82.1903908407869
58.961685562734026,96011.18178109052,82.1903908407869
42.28302749581467,67790.37266480656,82.1903908407869
53.35834940412425,86750.65641779415,82.1903908407869
47.147204359698044,87729.62201495741,82.1903908407869
66.46831993906721,107950.24510562702,82.1903908407869
27.291548812255453,55055.39642374671,82.1903908407869
6.726795022041468,32175.478057776665,82.1903908407869
35.74264299142249,66982.83917782732,82.1903908407869
39.97151680796075,68673.17922802785,82.1903908407869
59.3435619176057,98456.4595652407,82.1903908407869
75.19216790981498,119494.50519840616,82.1903908407869
53.24740410450346,94991.42517499551,82.1903908407869
40.631207676741006,72801.93303012171,82.1903908407869
30.890504873142394,64446.22985027722,82.1903908407869
65.76409973769087,107726.06917630055,82.1903908407869
50.6726464768209,89248.3554334807,82.1903908407869
44.90490664519457,76577.85814388585,82.1903908407869
51.313579189193526,89808.87258023892,82.1903908407869
42.49925360903802,73782.3597647076,82.1903908407869
55.16920024664231,91897.45693553083,82.1903908407869
17.737262110086906,44694.98532550747,82.1903908407869
64.36264331716228,101331.62263740205,82.1903908407869
50.18109372350988,85206.42685148113,82.1903908407869
42.55199145964647,79396.84480881557,82.1903908407869
70.04249503262132,115372.80617665636,82.1903908407869
39.75734861118344,77372.76080513702,82.1903908407869
67.24775145153086,109196.74618148177,82.1903908407869
28.2521859595208,58427.493650982855,82.1903908407869
50.492957620279185,84915.39304095585,82.1903908407869
50.166952265574494,86000.33896284233,82.1903908407869
47.860635345417954,85381.87109681033,82.1903908407869
60.491027512342974,98797.57410389674,82.1903908407869
51.460812092074555,89976.89644053577,82.1903908407869
45.662129158567915,78865.82328559279,82.1903908407869
41.234178105870434,76714.39222697125,82.1903908407869
55.63809435833354,95000.21597833828,82.1903908407869
47.64083079845086,79756.05414879337,82.1903908407869
46.30143531447756,80802.28943891656,82.1903908407869
54.916990192322366,91561.34832280685,82.1903908407869
91.06946725770185,136264.29009598918,82.1903908407869
79.90552531961421,125581.9245836441,82.1903908407869
34.465426229893104,59565.77426161537,82.1903908407869
94.02460522094606,142120.07922959694,82.1903908407869
18.56030841247579,48809.221343792866,82.1903908407869
73.18102219721774,120707.61463004744,82.1903908407869
67.9867502663485,108792.72645234298,82.1903908407869
60.53792778631455,98111.66572157311,82.1903908407869
57.402252946859285,96745.99031614713,82.1903908407869
55.16308731441731,95006.73487143009,82.1903908407869
44.62339795739642,80901.2653440559,82.1903908407869
42.1581240180422,75983.89974487729,82.1903908407869
48.60709690174817,79680.11640951839,82.1903908407869
62.51137506240763,102457.63481031427,82.1903908407869
64.12156616874954,99754.2808704466,82.1903908407869
29.157776773458792,58191.18485216712,82.1903908407869
41.10329993532369,78312.24743856714,82.1903908407869
43.17783502004398,75028.90690309287,82.1903908407869
13.794189286448228,44162.29355808592,82.1903908407869
88.93180096087525,136587.03849087784,82.1903908407869
48.17303172462619,85520.2674696972,82.1903908407869
56.35562398313316,92930.7190177503,82.1903908407869
24.62611863055864,49765.26879416477,82.1903908407869
29.964977207421025,62656.72259835216,82.1903908407869
47.8535967639879,84833.65187473991,82.1903908407869
57.93307625442507,97253.66483496674,82.1903908407869
58.6071302294958,98101.82017276349,82.1903908407869
35.3101552152412,68827.38185226356,82.1903908407869
47.52832198326464,80904.6932666668,82.1903908407869
56.57130718377139,96494.49532547542,82.1903908407869
64.50092817215376,105460.15741444631,82.1903908407869
44.87505372921656,78859.88000542294,82.1903908407869
50.56589998310806,81586.97376088075,82.1903908407869
40.59417127898927,70529.20670874472,82.1903908407869
58.21752559195591,93994.81932134376,82.1903908407869
71.32516984933575,112886.60800526636,82.1903908407869
57.699561034258544,97283.02854408076,82.1903908407869
70.87509692473458,106165.32499195366,82.1903908407869
49.28240954679991,87044.20941970033,82.1903908407869
37.71586318509158,70267.07647887096,82.1903908407869
75.36314324990575,115607.89881748027,82.1903908407869
32.13351923347872,62768.62895226123,82.1903908407869
22.00680401527444,48155.447008957315,82.1903908407869
34.7292809826212,67298.21911219021,82.1903908407869
67.43790847653428,106036.49546623502,82.1903908407869
46.505804129823424,79291.24078930043,82.1903908407869
40.85455416867383,71231.36951629119,82.1903908407869
58.49278413401745,98144.81272333738,82.1903908407869
43.119151982979,83004.51338892343,82.1903908407869
57.11908458691033,92116.41003024917,82.1903908407869
29.27269115558687,59802.74377991666,82.1903908407869
76.39806682392252,121687.80162078563,82.1903908407869
53.34765840499634,92355.0643484028,82.1903908407869
35.925231780585584,65938.93025563139,82.1903908407869
39.307550610367684,73560.7003329491,82.1903908407869
59.134383524507804,98984.10083820992,82.1903908407869
33.916882378341,62903.0252041789,82.1903908407869
57.04645722829416,93431.26973310638,82.1903908407869
69.16787579959009,111110.91500758598,82.1903908407869
58.32588246752568,97449.77262153591,82.1903908407869
57.581212328116706,92019.66669029418,82.1903908407869
36.74722648474623,66674.76002629395,82.1903908407869
28.641454205167864,55211.45054370107,82.1903908407869
69.59846215808277,109028.38362015379,82.1903908407869
23.848853680138525,53550.411592214165,82.1903908407869
47.09071855980265,78487.6310721313,82.1903908407869
67.38088384256365,109235.25504739844,82.1903908407869
62.18504398575293,99050.23506779443,82.1903908407869
60.441416193539126,99557.36416920924,82.1903908407869
83.866474733834,128620.51003125812,82.1903908407869
33.641928552461984,65388.32565237281,82.1903908407869
52.0188057878367,87927.1961075883,82.1903908407869
51.75683732670799,83475.84441805459,82.1903908407869
57.78822418124316,99021.25830563752,82.1903908407869
40.62193071451731,72400.48029608051,82.1903908407869
44.23684197424814,78252.1845035176,82.1903908407869
25.465089945788005,51191.5718314405,82.1903908407869
75.97409859829044,116578.9910765257,82.1903908407869
38.17378617332058,72143.64876288766,82.1903908407869
67.41110499651192,111020.51891683877,82.1903908407869
37.758126034224176,71297.75683928507,82.1903908407869
49.75414606361781,89655.458208423,82.1903908407869
27.97732659502673,57304.74378819352,82.1903908407869
85.12675548451205,127747.83237978136,82.1903908407869
33.06033677438566,64648.273457557036,82.1903908407869
38.459727841908325,73531.85683090577,82.1903908407869
82.48752641373525,120574.40086596586,82.1903908407869
40.7538643885811,72007.07390583477,82.1903908407869
18.850043897963552,46700.43307560193,82.1903908407869
64.02057837295492,103352.78418610133,82.1903908407869
71.03416004716992,111623.64392025363,82.1903908407869
52.446110971436305,87502.90645936332,82.1903908407869
40.47570652176859,72351.92725414186,82.1903908407869
46.96952024374444,79446.18214448314,82.1903908407869
50.72538967280945,86689.10440186756,82.1903908407869
34.65508306970785,67647.79024150554,82.1903908407869
50.532736156833515,87770.58089546769,82.1903908407869
48.6355742736333,85861.66029997681,82.1903908407869
24.878261327926282,53796.55941368789,82.1903908407869
48.44849333278139,84400.09010206512,82.1903908407869
51.4084505052927,86435.66455417947,82.1903908407869
51.88014338620273,91169.44416717971,82.1903908407869
49.72130784841193,80870.13814260237,82.1903908407869
56.46929851096118,96144.82397248104,82.1903908407869
57.934068226120495,93940.02286860697,82.1903908407869
48.63437851807856,84382.38292079308,82.1903908407869
95.48437162821824,141873.07299048558,82.1903908407869
59.93027483216903,96253.7171109247,82.1903908407869
30.42725757941751,60002.3803037985,82.1903908407869
70.28773108905794,116033.99765973263,82.1903908407869
43.69118375870869,74049.54249351803,82.1903908407869
46.2024819719068,81815.69975428167,82.1903908407869
38.98914155427053,77875.17837395269,82.1903908407869
5.278890436246259,29852.02880915849,82.1903908407869
47.858244669293654,83361.44240257033,82.1903908407869
64.12203877961471,105991.2722036959,82.1903908407869
68.70402949123644,107020.9205509342,82.1903908407869
58.1477409648883,93575.6519212931,82.1903908407869
43.765145791980935,82841.92042822149,82.1903908407869
45.889844794540934,80448.33897384268,82.1903908407869
55.74809462132434,93085.79301034355,82.1903908407869
29.251884726983512,62105.825648765196,82.1903908407869
39.280709320846455,75915.01151441108,82.1903908407869
37.67502948737046,71290.52172918254,82.1903908407869
68.71398502106896,107899.50859327173,82.1903908407869
71.41166063839479,113914.1655181437,82.1903908407869
52.19984323606363,91933.2140590805,82.1903908407869
65.48763315631595,108091.04338045753,82.1903908407869
45.589438641995464,81923.18137201629,82.1903908407869
56.25103161915019,94986.23851796458,82.1903908407869
64.21046850210735,104929.35703861828,82.1903908407869
21.047055107591817,52210.40308837735,82.1903908407869
43.89133421473247,78253.51996851302,82.1903908407869
43.297802574298636,75592.1324559647,82.1903908407869
51.59831984662124,84432.11966331372,82.1903908407869
3.6446234822975736,32059.253401486138,82.1903908407869
30.20044265094287,66342.49682952829,82.1903908407869
64.87258637627127,106798.56895458527,82.1903908407869
46.5104147926837,77031.57139392279,82.1903908407869
49.052537356289626,81926.2966343077,82.1903908407869
37.177910584065,69039.8440895112,82.1903908407869
52.89391350667135,90934.14421515013,82.1903908407869
80.85917608618253,119706.65138301495,82.1903908407869
69.01796084924021,109333.16123130059,82.1903908407869
16.390324411848717,39475.14802433713,82.1903908407869
87.1139666088241,133180.51906829112,82.1903908407869
56.26822394158496,93001.41135706777,82.1903908407869
56.11301515909515,96173.24526493944,82.1903908407869
24.722506314067886,48115.07773971696,82.1903908407869
52.53492215820155,92230.55761750066,82.1903908407869
20.72300205182042,49640.33700129987,82.1903908407869
50.77932296989078,87582.66264771405,82.1903908407869
43.67132403636114,76085.77432664085,82.1903908407869
42.66353944665058,77548.73124698692,82.1903908407869
60.14188970803673,94406.75646020312,82.1903908407869
47.00027252654567,79590.28872953521,82.1903908407869
64.05027964322292,102315.59602571053,82.1903908407869
71.06645333201887,112353.11478020358,82.1903908407869
59.44201111583407,99542.12244551536,82.1903908407869
64.8717246207934,106200.80989668019,82.1903908407869
66.25973768951836,107687.95303057304,82.1903908407869
35.24120838411489,65429.52586291179,82.1903908407869
61.58104902033302,104859.35991387723,82.1903908407869
54.601084641749225,94811.89993783669,82.1903908407869
75.34109259129778,120047.71386608927,82.1903908407869
43.924580572816055,78303.25402424647,82.1903908407869
57.29168379908976,96359.79875643388,82.1903908407869
63.75691935277786,101685.11690642776,82.1903908407869
36.84170812254103,72439.81508868089,82.1903908407869
89.73181719456298,137070.78351317206,82.1903908407869
38.593011006243664,73940.87136403887,82.1903908407869
37.85760443088457,74311.31212041187,82.1903908407869
40.506001839733955,74346.76360195185,82.1903908407869
39.68613833636231,68278.40560971745,82.1903908407869
34.9341455381814,64438.34340462759,82.1903908407869
61.547642585509934,100320.43008794732,82.1903908407869
72.77450621980333,114435.64427072591,82.1903908407869
64.26053463757137,101690.60213516862,82.1903908407869
44.69625073060943,81906.33104305802,82.1903908407869
65.48169752045519,103457.02082010552,82.1903908407869
63.04751665935012,101576.71258902099,82.1903908407869
52.27798467421061,88124.6940862823,82.1903908407869
41.38360881534372,74653.93266221615,82.1903908407869
13.617760309417537,42097.57908679047,82.1903908407869
53.754723033130766,91766.04620704298,82.1903908407869
55.593532030566685,95381.9039622352,82.1903908407869
28.01008751245628,63112.096054233276,82.1903908407869
57.9600683678452,94872.63526524298,82.1903908407869
20.007881770743374,54012.10902876655,82.1903908407869
51.22482103622129,86349.06935327566,82.1903908407869
73.66178769109396,120742.77422494901,82.1903908407869
68.60029346007856,106561.69650477798,82.1903908407869
67.15521874073,104955.04272052833,82.1903908407869
78.87216800359246,123114.13610165499,82.1903908407869
51.19661228181662,87078.38433606114,82.1903908407869
42.18116886137379,78622.81345862726,82.1903908407869
31.20003110454798,61507.61179849778,82.1903908407869
52.0509496778363,87739.44172622162,82.1903908407869
54.09517930748926,92271.51026739144,82.1903908407869
53.1353816147411,87486.87232860438,82.1903908407869
45.798244355173104,83021.61849500173,82.1903908407869
65.77967610792506,100872.24312425092,82.1903908407869
60.44741178225023,101418.36183106451,82.1903908407869
74.45043086945812,118915.26337757017,82.1903908407869
41.490083352083026,78952.92455857158,82.1903908407869
70.52134186787742,111785.8349746163,82.1903908407869
34.35128035968496,66440.56953502167,82.1903908407869
44.750297331444976,83295.53563799994,82.1903908407869
14.550030759390278,41442.44820771209,82.1903908407869
44.207872712376805,77458.13337341443,82.1903908407869
32.498891284346236,64874.90328491168,82.1903908407869
56.325685118192546,97083.78724794478,82.1903908407869
46.47716400919136,79522.26288326603,82.1903908407869
91.56660676144247,135218.88246914482,82.1903908407869
58.80094785242452,98376.88466551791,82.1903908407869
77.81356361807778,122047.3939451094,82.1903908407869
48.016041725649536,81409.64225745588,82.1903908407869
54.156234465763006,92823.35514082534,82.1903908407869
33.79738270637146,61650.480992638004,82.1903908407869
44.66037496787046,84939.0508646012,82.1903908407869
55.13894565824402,95867.73620269427,82.1903908407869
61.4494518702056,97883.72689221078,82.1903908407869
36.816475463203055,69268.11681714168,82.1903908407869
38.46612299766119,72204.18519071893,82.1903908407869
45.40112122155926,76290.25237816822,82.1903908407869
64.18256953479352,102335.02989331324,82.1903908407869
44.946956169165674,81501.07346532182,82.1903908407869
47.26370148699669,80071.63762546645,82.1903908407869
51.98452809216724,86028.83637010676,82.1903908407869
58.58068763465846,99234.40784272867,82.1903908407869
84.32927130650317,131482.17667191365,82.1903908407869
37.78413400265636,68563.04310070665,82.1903908407869
37.9959237807907,69641.82313287831,82.1903908407869
56.38682047135275,93524.50090755853,82.1903908407869
26.78298083780046,59630.975164014104,82.1903908407869
71.10635733979008,115776.69395662945,82.1903908407869
67.89087194716909,105964.55015589308,82.1903908407869
84.63876608583888,130966.58630487784,82.1903908407869
79.50054474434083,123792.39586837399,82.1903908407869
37.157391734090815,65288.94664965438,82.1903908407869
55.49845877825846,92083.07761630176,82.1903908407869
76.02690012565469,117551.99006468276,82.1903908407869
45.16107589013752,84739.30399955934,82.1903908407869
60.286384831399936,99773.70075080385,82.1903908407869
50.22886952693959,85294.15918917832,82.1903908407869
62.983784122860044,103019.61195801324,82.1903908407869
24.3477559971803,50622.508028319084,82.1903908407869
62.49881647855887,101830.18263162479,82.1903908407869
54.12910863701177,89417.57987800379,82.1903908407869
27.11753585232665,56756.94142412625,82.1903908407869
25.478405141562295,56022.80643140677,82.1903908407869
82.0899813182362,120908.28630295648,82.1903908407869
70.21931974948949,112814.88405695974,82.1903908407869
52.80205677741643,88946.20376868981,82.1903908407869
81.6867819043815,130555.1789823142,82.1903908407869
46.100124583096886,76199.00048375205,82.1903908407869
18.955134247494776,47235.732236510834,82.1903908407869
36.295963254948134,69924.58766962364,82.1903908407869
55.81667410125965,94499.53012698986,82.1903908407869
63.58107815938044,100475.83424468829,82.1903908407869
34.21114216769368,66711.31960151711,82.1903908407869
56.801800188852155,94354.30337035898,82.1903908407869
50.19783540146283,84794.89883663849,82.1903908407869
57.83465998466861,97739.58739974955,82.1903908407869
41.59448502316426,74907.34592216046,82.1903908407869
89.22595703885968,133962.2861619991,82.1903908407869
58.065863989074586,93409.29545067999,82.1903908407869
23.220009655800443,49843.58464333437,82.1903908407869
39.55651424420655,78048.06859284034,82.1903908407869
54.08831753749259,87703.1545624944,82.1903908407869
45.15512150956737,82726.39042732272,82.1903908407869
47.721529482486496,88646.82079749728,82.1903908407869
45.47536114503707,79214.32716280117,82.1903908407869
59.48851916944285,101067.87398930774,82.1903908407869
34.4085904713727,68774.58780750842,82.1903908407869
49.14248993431733,83748.96083255092,82.1903908407869
88.03096250388938,134638.65698465926,82.1903908407869
92.77012418579874,139035.111419291,82.1903908407869
47.2627882127397,80773.6482245515,82.1903908407869
62.40177442257754,100330.07404329468,82.1903908407869
44.97442643424878,79754.95303143276,82.1903908407869
59.749767817305134,98239.70726586762,82.1903908407869
